Metric,Value
MAE,311.23284192703375
RMSE,385.8433583857327
MAPE_raw,inf
MAPE_adjusted,23.343734227648408
sMAPE,20.866617952849403
Naive_MAE,501.88227848101275
Naive_RMSE,664.9322435686747
