Metric,Value
MAE,323.67556186239057
RMSE,405.99259510682134
MAPE_raw,inf
MAPE_adjusted,25.291398734343336
sMAPE,21.77202474806513
Naive_MAE,517.3981302385558
Naive_RMSE,681.2120144010726
